Category,Message
ham,eske      bebusis ena betalak alem    wste bcha   sin  ale 
ham,eshi   maches    
spam,  wancha   n lemashenef netsa gebet be     wste netsa          wochu
ham,        awo u ha  
ham,nah  amerika   gen ezih 
spam,     samnt  sihon ahunm  ahunm leesu liznanu     lemelak    
ham,  keene gar menegager      balebetnet 
ham,        kalirtberwo  kalirtbern    n 
spam,ashenafi  waga  awtare mereb    shlmat shlmat        le  seatat 
spam,tenkesakash slkwo  wer        gize   kekamera benetsa lemazemen mebt     zmenawo 
ham,bekrbu bet ehonalehu enam slezih neger zare mata mata slezih neger mawrat   beki 
spam,betere genzeb lemashenef    eske     lak ena    ke 
spam,     wste   samnt netsa abalnet   
ham,lezih estnfas lemamesgen tkklegna kalatn felge  chla   kal egebalehu enam  kal  gize  ena bereket 
ham,  ken ewek 
spam,  lemetekem bemiketelut   melekt wste   agenagn tek   ezih tek   ezih tek     
ham,oh   ezih  new 
ham,ech es smun          awo ene  esktalel  ebritegna 
ham, kehone teru kehone    new le
spam,    gebochn   zenawochn   u bherawi    emegna  engeliz eske       
ham, smun    bekum neger 
ham,ene ke  weroch wste emokralehu ena  new
ham,slezih        sbsb meche new 
ham,  echersalehu   lob      msawn  
ham, 
ham, kurach lemeblat rasen   beewnetu     sishefn  tamme 
ham,hulgize asamagn 
ham,awtobusun      enatwon   
ham,ene temel  ena  ahun mekinawn   kflu kalewot asawkwotalehu
ham,   
ham, ahunm  sle ene ashkakiw  ergetegna  ena     keegna gar menor  new
ham,awo esu be  wste geba ena    neber ena eswa  tebelash htsan   ena       metefo  
ham, sleerswo mnm neger 
ham,   sra hulu   frhat   
spam, mzgebawo mzgeba letenkesakash slkwo    weru  ebakwon ebakwon awo   bememeles    
ham,awo  eshi  bet emelesalehu  ene   n  emeleketalehu   be  gna limar  gen tmhrtwa ketewatu  seat new
ham, abrogn   meche  
ham,ene     
ham,mnm neger   erswo  
ham,  newot ena    neger lemesrat kewesenu  beka melekt    mangnawnm neger lemegabez  
ham, ke  gar   lemehon felge    
ham,lnegerh  emegnalehu  gen kehulum       aremate  chukhet
spam,   makatel    ebakwon ahun  
ham,mann  
ham,betam  beteru huneta tesewro  tesfa  negn      
ham,mnm teriwoch 
ham, wste tope bi ktbat 
ham, mangnawnm neger  
ham,   kalchale tesfa  mnalbat betekitu   
ham,ene mn  blcha   hospital   alfelgem  menager   telafi   sukoch 
ham,sle ene   gize bekfl wste  
ham, geram bzuwn gize        gemash smntegna blte new ena     ena    
ham,   nege tewat    gen zare mata beegna bota   new
ham,  betoch wste betam  mehonwon bechrash alawkm   hulu  slemnchl ena erswo hul gize sle  betam  slehone new  asb  alsetem ena ene  mestet   kflwo betam  slehone 
spam,    aganntoch ena   knfoch  hoki   tkkl  sechi 
ham,  lemn tnant mn        ar el  
spam,    amet  sinima pasport le       rman  matrik  star tor  wezete hulum   
ham,   sbseba  
ham,  
ham, ena   
ham, betwo   leraswo    ke   bur gar      
ham,  melkam  huneta felagiwoch 
ham,  kfl new
ham,aznagn   lezelalem  ahun bimeta 
ham,eshi  ene  fetsh    tsegur asebasebn achachr hono  eskimesl   
spam, waga    meten    gursha shlmat  shlmat   ke   gursha shlmat    
ham,zare  ken ken new  leene  zefen new  lehulum tekami   gen  melslgn 
spam, ur    ako ena             
spam,sle     hulu gar 
ham,bezih wer mecheresha 
ham,     genzebn    hek 
ham, kfl  newot
ham, htsan  bebet wste  neger  
ham,     
ham,ahun   
ham,ene   netsa 
ham,teru  chewa sew negn enam beakbrot ena beakbrot 
ham,ene betam   gen betam  
ham, ena      mn
ham,ezih   sra   mn  
ham,  
ham, ahun ahm 
ham,eshi ene  bet  selam taza
ham, sew mtk thonaleh
ham, 
ham,  awtaremereb   esemes
ham,meche  bcha  techemari tketoch ena  techemari  bcha new  balebzuwochen 
ham,awo ene  hasabochn melak  neger gen   wste hulet   wste genzeb 
ham,ene gena zare mata htsan 
ham,ele    wen ur netsa 
ham,    neger 
ham,hmem bemehone  lela msht kagegnen    keseat  ena  malet mangnawnm     enam hulunm  luhochn ena  
ham,  gize  znab fegegeta  gize hmem fegegeta fegegeta fegegeta fegege 
spam,ebakwon wastna    tere genzeb    shlmatoch  ebakwon  agelgelot  be   mekakel 
ham, lemegezat   sil   be  ekf wste   srawn 
spam,netsa  teri  lemesebseb   lematarat    kal  ena    saten     
ham, film 
ham, egna   alun
ham,  neber  ahun  letekit  wste tsegur ketero  mezengat mezengat   leerswo   
ham,  buna animeshn 
ham,ebakwon    lela mnm neger 
ham,eshi hgawi eskemihon  menesat       
ham,ene  mekina   gena  fetena gena 
ham,        kalirtberwo  kalirtbern    n 
ham,   malet  bebosten  kawetahu  egemtalehu enam   le   neger  beene  getse  ahunm bosten 
ham,uma  ena    umawo  
ham, kenwo  lalut mgnotochwo bzu  beewnetu betam  slehone 
ham,  genzeb  etemamenalehu
ham,    new  kompiter memermer  mawcha  
ham,   erswo    ene hul gize  lemechawet  sew negn 
ham,  
ham, mrmr  
ham, erat 
ham,ene kekomoch gar  negn ene    negerochn  gen     betam chok blew 
spam, erswon lemanegager        shlmat wastna          pipiem
ham,   betam   ene   ene    ti ti
ham,  kabine stageba panete             apartamawa   
spam,erswo ashenafi newot           opereterun  akrbewal   leketeta opereter       
ham, arb manegager alebn    temrta letitoles asfelagi 
ham,emmm  agote tmhrtun beketeta  mehonun bcha   mgeb 
spam,   megelechawo le     netebochn      gizew 
spam, slk kuterwo be       shlmat new  lemanegager  mukera  mesmer  saten   
ham,    ena  ena  ena   malki
spam,  kuteroch     shlmat lemagegnet  kalebwo ebakwon  teks  kuter    
ham,zare  sao mucha  be  bcha new
ham,   megezatn 
ham,teru  
ham,lk  hulu gen gen genzeb gena  melak  tsehuf  bemangnawm neger eraswon masatef  leerswo mnm neger leerswo mnm neger mashenef   
ham,bekfl wste 
ham,         gize     gize stegn
ham,  mn  
ham,bet 
ham, nege 
ham, gize  mels 
spam, brhan    hager wste  hager  kaweku keftegna    machawechan        
spam, mata mata    botawoch   ur hzbn  tlku  awtaremereb awtare mereb bit   eske    
ham,ene bcha    new
ham,  ena esun 
ham,  kemenorwo befit hulunm kfloch emeremralehu
spam,  mnm techemari    agelgelotoch tsehuf   erswo mnm neger kelelewot ke  awtare mereb gar maregagete ena  
ham,gebagn   senef negn  bemlkt  resahu   kis  gen  ene teru  
ham,   sihonu laklgn
ham,  bemetebek 
ham,tafach    negerochn bemakenawen bechrash  kuz 
ham,   mekfet 
ham,awo bebotaw  
ham,  sm man 
spam, letsehufoche lemn    set ena        be    
ham,  teri kefetenu  ke   slehonem pawoch betam  
ham, n lemn 
ham,    be  
ham,  new enam bechrash alawkm 
ham,     kesosawoch  nachaw  pelaza 
ham,eshi   uhu mlash 
ham,        kalirtberwo  kalirtbern    n 
ham,erswo      bekemise     gize afen beshenku gize enante    hlme hlm   gemash  srawochem  leene   bzu  tr  toch   gen    ena  ena ezih   ene ena   
ham, sra  
ham,ahun beten tche  
ham,    gize  kale mlls     ene   
spam, agelgelot    amet akrbot  lemamechachat ebakwon ebakwon  
spam,erswo ashenafi newot  be   tere genzeb     ken   leketeta opereter    
ham,ene sle ene    erswo slegebagn ena ene  sle ene ena beewnetegna  wste erswon  hulu  sew ewnet new
ham, mekina ena bet    sra bcha alegn 
ham,ene keerswo gar fkr  keerswo gar sweta     
spam,  makom akum                wste  lak
spam,banbabawoch ul tezaz        n  mekebel  goto    
ham,hulum  neteboch beimole    
spam, erswon lemanegager        shlmat wastna          bcha
ham,   sew gar alemegebabat     
ham,talak    gen  flagot  engenagn
ham, kekre wch mulu bemulu  klark koshashan 
ham,  bank hisab  ena   
ham,  chige  hope  gize alegn  awo
ham, siwetu mn seat 
ham,    mamen    spanish spanish  ena be  
ham, ahun  beten   teru  teru 
ham,karlos teriwn makenawen  genzeb  asawkegn
ham,ahunm    
ham,  melaw tr  twoch  ena temelsew         lemeketel ena        
ham,   
ham,  tenegagerew  begemtaw rektew bihonu mawek  awontawi  ke  netsa mels 
ham, kemelekate akrbot gar  flagot   mecheresha bemikerarebubet gize tenaten      alachaw
ham,  
ham, chewa sew negn enam beakbrot ena beakbrot 
ham,enante sewoch 
ham,mnm neger 
ham,tena   sra       lememeles    ahun  
ham,haha    wste  
spam,ebakwon  agelgelot tewekarachn be      tere genzeb    shlmat 
ham,   gize  ahun agegnalehu
ham,ene  bet   gen   metergom katefach 
spam,erswo    gnaw nehase  ken 
ham,  sewochn lige  tlk neger   wechim  bemangnawm gize   samnt  
ham,  bemecheresham tmhrtun  
ham,berasu   gen  berzo hulu ors mestet kemichl sew gar  
ham,   amet  tesfa  emegnalehu
ham,melkam tewat   ken alot
ham, sewoch tarik agegntewal
ham,srawo   slezih nege be  piem orcharr  gar 
ham, ket  mshth  letewesene gize nege  tesfa  neger gen  mefses    
ham,  ena      
ham,lakhulh ena    
ham,tena    
ham,  betesaka huneta be     ena     hisab keri hisab             
ham,  
ham,be  eshi wste telewach 
ham,       n    
ham,  kabine stageba panete             apartamawa   
ham,  kete  wsha
ham,ebakwon kezare befit ena  kezare gar tssr  asrmor   hisabun temelash 
ham,huletum  tlk shekmochn ewetalehu slehonem  
ham,  betam tlk ereft  tesfa  semister 
ham,slezih egna hulgize mawrat enchlalen
ham,  teru   
ham,      
ham,arif  bet 
ham,bemecheresham   lemesal  
ham, tekit lelitoch  
ham,kelal   teru new teru 
ham,kemegabit  gar fetena  alebgn
ham,awo erswo mehon  ahun   etiemwon metekem     neger gen lemangnawm kalegn  erswo siseru  
ham,eshi chager  
ham,  wste     oeses   oeses metekem 
ham,  
ham, t   beergete mnm neger  romantik  tnsh  chukhet   betam teru  
spam,ke              ke     bcha
ham,btterugn kelb  sew  sew bcha 
spam,bekrbu   agar      netsa  horo  kokeb mlkt  
ham,  ilama 
ham,   tebk new  bikoz memhr tmhrt ena  fetenan  gen   fetenan ena amenzn  tmhrtochn  
ham, teru tewat ahun ene negn
ham,begaringera wste  ena    meshager  gon       ena  mebt 
ham,  gomachn bota 
ham, batri  awo ene negn
ham, ezih  hul gize besra bota  
spam,tsehuf zare  sew  eske  ken   mashkormem  ena   sam           
ham,oh        
ham, beawtobus  wste    tnsh ehonalehu
ham, 
ham,     gen gelesebun   gar    hul gize tkkl 
spam, ke  gar  misterawi  alachaw  man      mstirawi  lalchaw ke  
ham,lache 
ham,    tesertwal
ham, zm blew   neber malet  gen   
ham,mnm  ene  bagenet     ahun gen ene betam    hulum neger kezare  hulum neger
ham,arogew  srawon 
ham,betam   alegn    mansheratechawoch 
ham,ahun eshi blew  
ham,kalis be  gna  wste wef 
ham, oh  ekule lelit   tetegen ena erswo beminekawot gize    teru msht enklf 
spam, alewot        ena netsa           
ham,    ena upekk  
ham,wen ur  bim wel   menora tennet keftegna  
ham,mn    
ham,ke  kenat  ena  wik      samnt    neger gen  mesmero  negerochwon lemagegnet  n legonawo  
ham,   sthon
ham,ahun kememelesu befit   befit  
ham, betam teru htsan   teru chukhet
ham,  
spam,egnan lemanegager mokern   akrbot mlash lemagegnet mlashwon lemagegnet   gize awtaremereboch      
ham,ke  ategeb ategeb   meche new  meche 
ham,awon
ham, hono ahun berase     eseses gena    
ham,     
spam, ene betam  negn  lalemestet  mzgeba mzgeba  
ham,lemn abrewachaw 
ham, gize guzon  
ham,ergetegna  ahunm esun   new
spam,  teri  teri  teri  telew   netsa  ahun lememrete  klipe   kbeb eske          
ham,  
spam,    newariwochn gebeta     ena mangnawnm keftegna terat   teri   melekt  netsa 
ham,     hunetachnn enwesnalen
ham,lelit lelela ken  tewat  behone    chereroch fegege  ena     chnketochwon 
spam, gursha    ewnetegna   mashenef  mels  kelal      techemari  
ham,  ahunm  mekina  
ham,mnm tekawmo  bief 
ham, 
ham, wste    ef ef ef wste lemabarer 
ham, betekitu wste 
ham,lk  mn  mgeb 
ham,hulum  be wste  bealat mulu bemulu  
ham, teblo 
ham,wen wel wel wel  wel  leraswo  new  gen gelesebu betam   lemn melkachaw  melbes
ham,  rket 
ham,ok 
ham,awo   sew kalefew msht  sew kasalefegn msht     sew asawkalehu ena 
ham, ene zare ene zare bete  blo kawetahu
ham,eshi 
ham, htsan keset  gar trisin   fok    bezih fon wste  bebetu wste  teri ena seat 
ham,   leene bzu malet     alem   alem   
ham,    
ham, lesmh 
ham,haf    ew kam  
ham,   tnsh 
ham,erswo betam bzu newot
ham,ene  melektun 
spam,  ahun netsa kamerawon  ena letamagnwo letamagnnetwo  ena sim       gnaefbibibi
ham,erswo  huneta kalhone besteker guroro  tegebi 
ham,enen   ashkku  gen ashkelegn  gen  mecheresha   sew   tenesche  
ham,ahun slkun memrete  melekt 
ham,  tomo    samntawiw gize 
ham, lemecheresha gize  sew kenafl gar  gize  sew kef  sew  
ham,oh ena bemakezkezhawo wste  mgeb  mata lemeblat mewtat 
ham,esu    new
spam, ken     em       n                       ewr ewr kenoch 
ham,awo  ene  neger  ene  metsehaf mehon alebet  asbalehu 
ham, megenagnet 
ham,   negerochn lemegezat bechnklatu   
spam,        ena sportwon   ena askign tsehufwon ke  gar 
ham,garazh kulfoch     
ham,zare   enen  eht       mrte  mrte 
spam,asmategna  besamntu  wste    ahun be       winsik      samnt
ham, genzebun  teri  blewal neger gen esu kesamntu mecheresha befit beergetegnnet  new 
ham, keene gar  ken ene    leene leene     alegn  tesfa      tesfa 
ham, ken  ken 
ham,  betam  
ham,emmm  gemt wste   
ham,beewnetu metefo  mnm  
spam,  slk      gize  kamera  lemazemen mebt    letenkesakash mazemegnaw  netsa 
ham,buna  egemtalehu 
ham,melkam  beal leante   ene  mesam  
ham,  lemn    ena msawon lemn   haha
ham, us bit eske bit    awtobusoch       temoltew 
ham,gurum   bebetu wste    behone bota ligenagn      bererawochn  samnt
ham,chger  
ham,mnm teriwoch 
ham,   kfl  
ham,teru mlkt new  ene  setochn bemanbeb    mezgeb tawkegnalachhu
ham, sikomu 
ham,ene  tsehuf   mehon malet   brhan 
ham,    
ham,mnalbat tomon magegnet echl       
spam,   bcha   kuter      mesmer  
ham,keaseriwo  srawo  kuteren bemeserez gelawineten  keene gar linoruwot  mangnawm  kef kef       tekotatariwo riport 
spam, ken  wste ke    mashenef ena agarwon  zemenachaw guzo        
ham, bet negn   ahunm 
ham,   ena kezih befit 
ham,metegnat 
ham,  
ham,tkkl  slk  
ham,eshi betam teru neger 
ham,ltefu     wochu tsehufoch linorwot    hel heli karolin bemecheresha   
ham,   
ham,  flagot 
ham,ehte tnant bermel hulet zur wste hulet zur 
ham,    telemam
ham,tmht    wste kalagegnehu kuteren   ze  
ham,ahun  tnsh  chger 
spam,shakara         be      
ham,beka erswon   beergete  wer 
ham,nah    mechem bihon  alawkm
ham, seat ena gemash wste  wste kalhonu ene  
ham,zare  bihon beanchi tekoteche  mechem bihon basasat    lk usl    bemeseretu teru negn
ham,enante sewoch sewoch lealkol mn   mechem  ena ene bearem  mn   masalef  lemawek  new
ham,      ke   befit 
ham,leerswo    lemalet lemeterat 
spam, alewot        ena netsa           
spam,  mizan beahunu gize   new  kezih  genzebn kef   bcha ke           
ham,  gize msht  eseralehu ena   gize sra ate slehonku hul gize   ate kal    
ham, ezih  ste     
ham,ha
ham,oh eshi mnm perofeshnal 
ham,ahun  hunetan 
ham,ezih  amet lemecheres bememoker  erswon lemegenagnet begugut etebkalehu 
ham, keseat    ken mn   enketelalen enam   wste   fkre   hulem
ham,   mnm chnket 
spam,    gize   ena  ena netsa   hulet  ena   tenkesakash slk kuter    
spam, knash    melektochn melso makom  agelgelotoch 
ham,  
ham,  bemihonubet gize 
ham,tena       nafkognal enam ahun keenklfe  gar bealga  bthonu   enen  
ham,ene  alga  atefahalehu 
ham,ene  bet   ena     
ham,bewaga  ketesmamu enesun mekfel  ergetegna kalhonku kesewoch gar menegageren meketel   beewnetu lemegezat  ena mn  lemekfel   
spam,sle kelebet kter tezazwo enamesegenalen  wste       agelgelotochn be   bemangnawm gize  mzgeba mewtat 
ham,mn  menager tchlaleh
ham,limeleketut  
ham,     wste  wste bzu negeroch  negeroch alu
ham, kamezebesew   
ham,   geta siteragn  ene lk  ene     bezarew gize pab  ftegn 
ham, new lemn   erasun    mawek  mechenek  ergetegna  zegemtegna  fetenawoch    whawo meche   neger   neger  neger gen ene meketatelwon 
ham,awo    lemeketatel hulet  stegn
ham,    tenkake 
ham, ene  ehonalehu  be   agegnehu
spam,  ena     netsa blutuz bebrtukanama     slkoch   tenkesakash slk kuter    beteri    
ham,mister gugut   
ham, bota 
ham,  gize aznagn 
spam, amet gemash waga brtukanama mesmer  ena  gize kamera slkoch    lemazemen ke    tenkesakash slk  
ham,awo  msa bufe ahun   
ham, betam   
ham, slezih tekemete le   bcha   
ham,tewat bcha ene  
ham,awo  bebiro wste negn gen chlgewo wste lalefut tekit kenat wste   zk  alzegam
ham,gurawn     seat nachaw ena 
ham, shlmat  wer  wer  leahunu wer gize 
ham,beewnetu tegntew neber enam ahunm temelsew    tsehuf geri   kfatochwen wen  melekt 
ham,hul gize   wste  fotogerafoch befesbuk    betam kft sewoch wste   kflwo sel lemn  hono    
ham,melkam msht  al salam wali kikik
ham,emmm      ene beftenet ershawn  efelgalehu      mereb  magegnet 
spam,netsa  teri   eske  le           ke  gna netsa   eske        nachaw
ham, chechi   gar tenegageru
ham, krem 
ham,mnm   mnm  ezih binoruwot ezih 
ham,           seat wste 
ham,haha   sew lemashkerker sra   bzu  awkalehu
ham,ke  etiwoch gar ene eskezihm  eskezihm  hulum tenker  kmcht hulu   kemrte     buna  teru  gize  
ham,  metete    
ham,lebantope
ham,   tsehuf teftwal  lakiw teftwal    ken
ham,bezih samnt mecheresha  mawezachn betewesene  bekflachn 
ham,ene  neger  efelgalehu
ham,eshi  ene   n     n mezlel  sini  hin  blesh 
ham,bet    me
spam,   agelgelot    
ham, mn  
ham,eshi ahun  geb alegn
spam,netsa gebet    samntawi    ashenafiwn     
ham, betekit  wste    laklgn
spam,arma  ur fkregna    smochu belb  fkr sm  sm   lemsale  hewann       mnm  
ham, kalefew samnt erasu erasun 
spam, sew   agelgelotachnn  enam erswo  slkwo  mesmer  
ham, beholtel aha wste new  
spam, slk kuterwo be    wastna  mesmer     tkklegna   bcha
ham,   ena sle    neger lemekebel   agelaletse   chipelarkki   asmatawinet  ke  gnaw                 
ham,  
ham,  bota neh  
ham,aleagebab bematefat  mangnawm hmem lela mangnawm 
ham,      zare mnm mekina 
ham,  mekina   echlalehu    le        
ham,bebet wste  lorin 
ham,le awontawi  lelelew  mels lemestet bzuwn gize asra amst asmatawi  
spam,     kamera slk  teri  teriwoch kemolewoch    ke   ke     
ham,lepangel  
ham,ahun  lk  botl ena arem      
ham,melekt         alebgn          
ham,won    asr gize  asr etef  aschenaki neger  new
ham, mn  gize 
ham,    guzo teru        
ham,gen  ena   
ham,awo awo beewnetu  talak 
ham,ena keenklfe 
ham,ok  esun  gen ene betam teru eshoh ha  ene   laoo agegnehu 
ham,  
ham,       tu   chlota sehan  fkr  
ham,   ene memtat echlalehu gen ahun  geram bcha  botah  
ham,beteru huneta    bkat   ene    emmm  
ham, ena hulum neger  
ham,   ametat  
ham, 
ham,lezih tesfa msgana zare zare teru ken neberachhu
ham,  mastelalef  zrzr  
ham,eshi    neber gen bezih wer wste bruh amelekaket 
spam, alama       balebetoch                
ham,      
ham,emi won   blh set ena ene betam  ene  ene  ene  
ham,erswo  blh blh ena   wtet  tesfa  agenagnoch esun   ena  kft ena mrtu hulu  
ham,   metefo neger     
ham,betam  smet  
ham,  memot alebwo
ham,betam  bihon   ken egeziabhern lemamesgen techemari  
spam,   ahun letamagnwo netsa kamerawon       knash        mewcha
ham,   eshi eshi 
ham,eshi  babur   new
ham,talak  mestet ena mekebel       ena     mata  
ham,  tensheratach      neger bechrash 
ham,bskletwon meche 
ham,          
ham,bzu   
spam,eshi         ken     shlmatwon lemesebseb    mesmer      
ham,kechokhew  eske mn  gize 
ham,  genzebu   kegeba  banku teftafawn   sew testekaklwal       ena       bankoch  ena  
spam, mata mata    botawoch   ur hzbn  tlku  awtaremereb  be      
ham,betesebere lb wste teru mesmer   hulet gize   lela tebebegna   tebebegna negn  teru  
ham,eshi  asra amst       
ham,  
ham,wteret  mn  mangnawm 
ham,ke sichersu lela  gna mansat 
ham,enante  sewoch meche   slemtasebesb neger ale
ham, malet    wste 
ham,ka  tekit   sleenante   bezih gize   
ham, lolen bememelket 
ham,amesegenalehu   neger lemekmes etebkalehu 
ham,    weroge flash lilewtu 
ham,beewnetu ke  gon  gize 
spam,netsa melekt leagelgelot ena lechgetawoch netsa behonew kal benetsa mels bemestet netsa melekt  netsa  melektochn   n 
ham,    agatemeh
ham,beterat     kefelegek   slerasu  
ham,   melekt melak 
ham,  sew   ene emegnalehu
spam,    amet  sinima pasport le       rman  matrik  star tor  wezete hulum   
ham, besbsebaw   
ham, kfl      
ham,ahun netsa  ahun  
ham,mete agegne  
ham,  segno segno    
ham,keenesu mekakel   aregagete   
ham,ke  angol befit ket   
ham, kfl 
ham,kealem gar mewagat kelal  ketefabwot ketefabwot kehonut mekakel     kehone 
ham,meche meche 
ham, hakimwon 
ham,     
spam, 
ham,    wat wste  kezih wch  mnm neger  wste ekawochen    wat  
ham,mnalbat     park  bebete   bota lihon 
ham,ahun mawek  antoni     ena  ena   bet   egeza lemn     
ham,mn trgum 
ham,sle ene   ke   ke      tseteta  tsete   awakiwoch   kzkaze  kelal  mels 
ham,    amimon makalel kechalu ena   mukera mestet kefelegu
ham,peramer  aznalehu 
ham, eshi  tebale 
ham, 
spam, gize    giba   machawecha    shlmat wastna       pa    
ham,es  leersum mnm  
spam,   le  polis          
spam, msganawoch le    pinwo  new
ham,   kesabu msht  bzum chger       netsa smet     lbsochn mawek 
ham,bzuwn gize  wste  gen beawakiwoch wste  beawakiwoch wste  huneta tenkebakabi lihonu  ahun 
ham,gen  be   belela bota  lihon 
ham,echognalehu
ham,  n magegnet neber
ham, betam metefo  erswo kampasu  
spam, be     gursha  shlmat  erswon lemanegager    gna mukerachn  saten  
ham, ene        
spam,   waga waga   awo  abal tenkesakash sm       mlash 
ham,  set  
spam,bemiketelut   wste   ena hunetawoch ebakwon sertun    
ham,  erswo newot 
spam,   megelechawo le           gizew  
ham,zare      ken  mnm sra  
ham,    telemam
ham, 
ham,betewesene gize    weba new enam erswo       slehonem  fkren   ken 
ham,   ken    sraw  meriwochn  tesfa   sle mannete ena kebahr  telk asasabi mesam lakhu
ham,mnalbat mnalbat letewesene gize ezih    zare mata ena 
ham, mnalbat  tatoche enezihn hulu azraroch  ena mn   
ham,ummimma bzu   tafach lbe bzu  temelashoch  melkam  
ham,ene kebiro    betiperur 
spam,ke  werhawi mazezha       wer     getse     
ham,tawaki    beras metemamen     chlota  erswo newot   malet new
ham,gen      lela 
ham, seat   lemawtat 
ham,  alga  hona    gize    gize malef  bealga  tekemtew 
ham, lemangnawm 
ham,awkalehu neger gen ahun hotel magegnet  agegnehu gen        wek   memtate leene tafach new
ham, betam   ahun 
ham,tebk      
ham,eshi    neh  mulu gize  
ham,ene  kegebahu    wste lemegebat bemechereshaw  wste   mnalbatm kekke befit letewesene gize bibelugn neber  gen  wha betekebebubet gize mn  gize erswon masastawo    
ham, lk  sost kenat arem asebku
ham,ergetegna  keastawstawi ena  betam sltawi ena  asgerami ena  askign  mehala  
ham, mata mata   tetatn  ena  sra   mekenes  
ham,mnalbat rkash   metsehaf mnalbatm mnalbat mnalbat     blshu  pan    lihon 
ham,   miwteshn   getse eskezih  asfelagi new
ham,msa binorachhu bemesmer   
ham,  sil  
ham,  selochu   
ham,ani   hulgize   amerika new  ene     tlalech 
ham,selam   ene biro wste negn 
ham,kanese  i teru new teru 
ham,ene betam  betam 
spam, erswon lemanegager        shlmat wastna          pipiem
ham,      merebwo  genzeb llklwot   efelgalehu  emegnalehu 
ham,ene   chukhet    kezk akomu  metefo    n 
ham, alga   
ham,slezih  ene     mangnawm  fkre  fegegeta  ene  ena melkam ken htsan emertalehu  tesfa 
ham,     gar 
ham,   
ham,  lor      ekule ken ebet anorku    bet ahun kflen atsen     
ham,labratoche    
ham,berun mekfet 
ham,teriwon bemetebek 
ham, be    wste etebkalehu 
spam,  genzeb      
ham,kesamnt  slezih samnt keerswo gar bemekeraker   ena keahun  enem  neger 
ham,ene be  wste  ene echersalehu  
spam, slk kuterachn be     mesmer 
ham, gabcha  agatami hono beebab menkebakebu erswon  fkr gabcha befrhat ena beamare wste chfera 
ham, betam  
ham,eshi mnm neger ketenagerut neger gar melewete 
spam,egna lemanegager mokern le    le    kretawochachn melswon lemakreb mokern ena   slk  teri  ena  akerareb mlash 
ham, balebete     ken 
ham,slezih   znbalewon   tesfa  nuru
ham,ras mtat   ena lk ke  seat wste ke  seat  metekem 
ham,ene          em em em megenagnet enchlalen 
ham, ebakwon  gemashun mama  
ham,awo ke   
ham,ene besbseba wste    
spam,      n    suk
spam,   shlmat lemekebel  huneta  kemezegatu befit       
spam,   megelechawo le      em   le  fetari   gizew   
ham,ahunm  germa wste 
ham,  hono agegnchehalehu ena    eske mekom   bechrash      
ham, 
ham,melkam tewat   ken alot
spam,asfelagi  agelgelot   slk kuter    
ham, tewat  babur    bzu  ena  ttegnaleh
ham,ene    lemegezat 
ham,aemro   kezih  sunamiwoch kesoft  wste metegnat    me
ham,betwan  gize kelaku teru sew   
ham,sle esu menager gena genzeb 
ham,   ken emetalehu
ham,kemsa    
ham,tetenkeku ena bekrbu 
spam,         tek  
ham,lemalet malete mn malet new bezih  bankers aselchi new
ham, aemro  new 
ham,  imeme metete   tekemeta  
spam,ke  kenat       gize zenawoch ena wtetochn  wektawi   lak lak   n  
ham, chewata  hulum     ke  mels     kehone  sew beewnet    kelem betam teru  melslgn
ham,bzu tegegnawoch alugn
ham,kaks  zare   gen egna  techemari gize agegntenal gen egna  gizen lemagegnet bzu gize chukhet wo
ham,ene terahu ena hulunm      eta 
ham,melkam  ken  sil awkalehu neger gen ene  ena wbetwoch  aksten ena agotoch  mecheres  gna 
ham,esu     sewoch  kos   menger   hulum sewoch hulu  blew mawek   mlash seri 
ham,lebetesebe  
ham,ene meteche  n emertalehu  ketmhrtu    
ham,     huneta  abrew  slehonem   
ham, agegntenal      ha selam
ham,teru kalat  gen kalatoch bzu gize wste litewwot 
ham,aseltagn   meten beasra amst  wste  
ham,   negeroch   lihon 
ham,nah keteta  buchlawochn  metete mamtat kechalu  beewnetu keketeta genzeb  tekami kehone
ham,haha lemesmat    ena   le  gna   tekeflalehu
ham,    lemekoralel mn   
ham,      enesu fiten rezem lale gize    achachr achachr achachr achachr 
spam,      akababi wste   sewoch  kuter  netsa  netsa  bcha flega       sm
spam,   kuteroch ke    gar  kuter   shlmatwon lemekebel ke  
ham,ebakwon   selam 
ham,
ham,oh  melekt  leene   neber
ham, sebat meto kelemoch lesebat metowoch  eshi 
spam,      bepisiwo wste     
ham,ene betam askign new 
ham,fkregna    kenn  tesfa  fegegeta   
ham, seat    bet ahun betn  
ham, wste mn 
ham, seatat befit   
ham, ima beergetegnnet kemsganawo befit melso   meche  asawkwotalehu
ham,   wtetochn mesrat   sew  mulu lemabrat fegegetan  sew 
ham,mnalbat betekitu wste mawezawez
ham, betam    new
ham,  ena bebaburu   be  wste  teruw samnt
ham,kartun ena    ena   ena amenkta    sle 
ham,mn   kehone malet 
spam,   megelechawochwo le         le  fetari   gizew   
ham,mnm  imelwo 
spam,  genzeb            swi   pipiem
ham,teru  gize kerfafa ena  gize shakara ena  
ham,  gize lemeshesh  ene gen  tegnahu    
ham, bekant ketema wste    etse  
ham,betam 
ham, sewoch tarik agegntewal
ham, etse  tegest  mehonun 
ham, washa   metach neger gen   cherer  bot  wenzu   neger gen   znab  megenagneten malef  gen  enkbkabe      melak 
ham, sew mtk thonaleh
ham,netsa kalhone besteker   trgum  mawek  
spam, ena  wana  agelgelotoch teri  nachaw
ham,kebahru betach  alet   wste posta   wereket    kalat alu  
ham,  nsha nsha nsha 
ham,aznalehu   bet    
ham,tsht      
ham,awo    hulunm bota matenat 
ham, chikiku      
ham,karlos ligezu kefelegu   wste   wste 
ham,  ena   ena  
ham,melkam msht 
ham, n 
ham,   tlalk  
spam, su   ltefoch selamta     selam lemalet  selam   gar akum
spam,   teri  ahun   gar mels  ke    samnt  slkwo   ke    ke     
ham, ene  lemangnawm neger sle ene mechenek  tnant mata   hulu  ena ene  
ham,alegn      mansat  
ham, wetet etetalehu 
ham,mn  kalebet ena  ena  mamlecha  
ham,      msa 
ham,ene 
ham, mensewo teftwal sichoh  bet  metebek  bchagnnet 
ham,   
ham, agerun zegetew   new
ham,   msa 
spam,   amet  negn enam  lelinge    ahun ene  kfl  kfl      
ham,kes lemecheres  ene lemetebabek felge  bemnm  
ham,sran gena 
ham, ngus  gize  htsan sihon  talak hntsa  kahnu  
ham, ene 
ham,amesegenalehu  chbo   
spam,  testekaklwal ebakwo ebakwon erswon   melekt    
ham,ershaw kft 
ham,      ligeza    hulum  tlk     
ham,ehte bemthonbet wekt teru wer  new  tesfa  malet 
ham,zare  n  ena leerswo   saten kuter 
ham,                
ham,  fetariwoch 
ham,aleks botan bekrb   ahunm  
ham,bekorporeshnu wste kegemash kftetoch gar      mehonun  
ham,  wste bet lemegezat felgo 
ham, ena 
ham,lemekfel  
ham,  
ham,asfelagi  neger beki fesashochn bemestet ebritn mekelakel new
ham,tnsh    mekeset    teru  enesu be  wste  ergetegna 
ham,ewnetegna   eshet   ena betam 
ham,beketema wste kebetesebochachaw gar  gize  gize    
ham,slezih meche new  harri
ham,betam      ene  wikinge rut  
spam,     chewata chewata kekbeb  gar lemegemgem ena      kekalu gar mels 
spam, amet gemash waga brtukanama mesmer  ena  gize kamera slkoch    toch   lemazemen ke    tenkesakash slk     
ham,beras    hulum eroganetiks perofeserwoch wel  ena   awropelan wste    enesu betemariwochachaw  awropelanu  n lemegenzeb  ke  awteto felgo   bit 
ham,hulum sew ena  msht leene ena  msht leene  ken hulu leene hul gize    msht  
spam, ketewatu  seat eske  seat 
ham,chnketn eraswon    kalew  zrzroch ena genzebu  erswo 
ham, sle msa mnalew bcha 
ham,ene lemeshete negeroch sinorugn ene 
spam, 
ham,metsehaf  tmhrt  erswo  ene negn  kesra   ke     ene zrzrn  abalnet  new
spam,  tere genzeb    shlmat wastna   shlmat    agelgelot  be  
spam,  tere genzeb    shlmat wastna   shlmat    agelgelot  be  
ham,  aemrowon   ena ene lehuletum      
ham,oh  laklgn
ham,  
ham,  film 
ham,  kukiwoch   beenesu   alachaw
ham,alem  new enam ahunm ene ahunm  smet  emebet mehon    mnalbat erswo lihonu 
ham, betam     lelitun bemulu meblath 
ham,   ene 
ham,eshi  tezazen eske gemash ken  
ham, lematenat  lemegobgnet bcha new
ham,  
spam,imel alirmoromiromiromirororororororororororororomiro
ham, esu    
ham,  stek erat  genzeb   me
ham,mnm  asamagn  mnm  asamagn honew 
ham,agatami lemagegnet zare mata     beftenet   
ham, lemn  ene 
ham,sle ene bemefelege msgana  
spam,        ke    betitiks       ahun        
ham,ahun keerswo gar bhon  
ham,haha mnalbat tkkl newot    sew    beftenet beftenet  kezabachn wste hulum    
ham,awo    
ham,melkam  hulum letnsh gize   melkam negeroch
ham,lk  bekrbu kekflu mewtat  alaskemtugnm be  chukhet algebagnm    ena     seat alga 
ham,  linor 
ham, achachr setoch   
ham, esu    gize 
ham, lelt leerswo teru enkbkabe  kal  merote   ebakwon selochn 
spam,  lemakom eskemichlu  be  kenat wste le  kenat bekinge  wste letenkesakash slk  agelgelot  egeza 
ham,bezih amet    teru samnt alachaw ena befetenawo wste mrte hulu
ham,bemiketelew samnt  geres stegn
spam,be  ametat wste  gar  beshiwoch   setoch 
spam, asfelagi  agelgelot  
ham,  washa
ham, bete metsahft meche 
ham,    kuter alawezam enam ahun gera tegabche neber  
ham, lemn hella 
ham,kechnklate anat    kfl  mangnawnm sew  maseb 
ham,emnet negerochn   tesfa negerochn   fkr negerochn   hulum sostu gena  
ham,erswo ketero  neberebet
ham,erswo  karlos bemihonubet gize   ezih   slke  ena ene lalemessema echl neber
spam,    ken ke   metsehaft ahun  bemiketelew    
ham,egna   ahunm  tewat tewat tesemagn neger gen ene   lela 
spam, u   wastna tesetetotal ahunm   ahun    
ham,egna mnm        won 
ham,erswon ena betesebwon   ena betesebochwo     ena melkam  amet befit 
spam, ereft agegnto      mashenef          
ham,ene   erat lob kalagegnu besteker ene   
ham,  
ham,ahun slkun memrete  melekt 
ham,  betam asgerami   betoch  lenege     inch wste mashkerker 
ham,ezih bezih  sra  wste  bota 
ham, be  wste bcha  ahunm ke  zare  
ham, ezih  bezih  wste kezih  hulet gize  wch  
ham,ene  egegnalehu      bota agegntwal
ham,metegnat 
ham,koshasha   
ham, lemn  gar menor  ergetegna   betam bzu gize slemichemr keesu gar menor  ergetegna    chs  
ham, ket zare mata mata ena ene nege anten     mezemer ena  sew  
ham,melkam  amet    bcha agegntew  tsehuf bcha erswon  bcha lemelkek 
ham, malet berun magegnet malet new
ham,sle ene   ke   ke      tseteta  tsete   awakiwoch   kzkaze  kelal  mels 
ham,emmm    seatat barnet   asb   
ham,
spam, asfelagi  agelgelot   slk kuter    
ham,   wste   
ham,esu berasu  gize    gize mulu bemulu  kal  
spam,ftsum behone agar  teru nuro sle menorn  mahbereseb mahberesebn lemekelakel   sm ena   pi  
spam, netsa   polipeniks           ke  eske      
ham,melkam tewat   ken alot
ham,tnant chewatawo wste erswo sleneberubet tesfa  tesfa  ene altenekakum neger gen    samnt 
ham,hulum mrte    
ham, wshalk         
ham, ene mechoh  kezbe neber ena    
ham,     sm new   wste  
ham,beka  tenteltelo beewnet enen zk 
spam,brtukanama  ahun letamagnwo netsa kamerawon        knash  march     mewtat
ham,petni  erswo enen ena      kehone niketochwo hulu 
ham,eshi    beten 
ham,tekitoch tekitoch neberu ena     befit
spam,    waga     suk eske          
ham,   gize   shtet   gize negerkut
spam,le  gna samnt   ton     ke  gar   ke          
spam,be      wer     awetate           
ham, ke  befit 
ham,ene betam emesekralehu
ham, gen ahunm    mawek  
ham, hul gize  
ham,ene  ken ereft hono ene  
ham,ush kealga mewtat  mok  
ham,es       
ham,slezih  alebabesoch gar  kelebet   stotan mesebaber  fnch
spam,  alewot        ena netsa   
ham,shantawon eshi 
spam,erswo besm    beshinko  pali arm   esemes        mels 
ham,     mn 
ham,esu bzu tekm   htsanat  gen   mamtat alebwo ena esu 
ham,      new
ham, lemn mlash 
ham,  n      beteru huneta    tesfa 
ham, keseat      lemefetsem   kape  rchinchin    mesam 
ham,  
spam,         mzgeba       ha
spam,   chereka  beur hzb     n   lepolisiwoch    lgesna eske        trf 
ham,melkam msht 
ham,emmm  bit ena kurterachoch      
ham,hahaha  angolwon 
ham,  
ham,aznagn brhan   zor malet lela  efelgalehu       gen esu  
ham,tnant geta  neger  wste  tesfa 
spam,misterawi     man   lemagegnet   be   enkbkabe 
ham,  teru new
spam,    samntoch akrbot  ebakwon  lemakom  eske  
ham,betam  shorba ena sura      tesfa  allwo  abiro   befit  melekt new
ham,beergete wtet  
ham,     
spam,besamnt wste leamst   bcha ke     slk bemangnawm gize   slk 
ham, lalefut tekit weratoch  bemekfel  ena    n mekfel      wechi slesetut neger leene ena lezihm new lemn   gen bezih wer wste ks mekfel mechal ena  werat ks mekfel mechal kechale  kewer  befit   mekfel   
spam,  slk  mangnawnm awtare mereb   gemash  waga  kamera    lemakreb mels lemestet mokrenal
spam,      waga knash    wagaw   n   
ham,     ene mngna        
ham, sle man   meche ena mn  
ham,   enat tnant mata al   ena lebetesebwa 
spam, mesmerwo      ibza beal     atebabek kmcht         
ham,  meche new 
ham,        leegna lemestet ena  lemestet             eswan   shurabi   gitar       alnorm  
ham,ene meblat  emlalehu   betam bzu    mekenes  
ham,ene biro wste negn  
ham,awo awo lehuletum beki bota  bota   betam bzu betam bzu  chamawoch    engenagn
spam,   waga waga   awo  abal tenkesakash sm       mlash 
ham,      tketochn 
ham,ene ewnetegna negn  tbbrwon mamtat efelgalehu 
ham,muluwn srit   kehone  mnm  
ham,   tesfa urfls bilslu   perofeshnoch     bzu  
ham,tarikun  enam esu metsaf 
spam,wesibawi gengnunet     bealem wste befkr  abzagnawochu blh tsehuf  tsehuf    bcha man ligenagnu  blew 
ham,  
ham, ash nege tewat      ena  kati wste egegnalehu      bet kegeba  
ham,   
ham, sew tampa teblo  new blwal
ham,ahun besra   wste linorwot 
ham, blh new
ham, gengnunetochen  bemchlbet gize  mnalbat   hulet 
ham,awtobusu be  wste mn  gize  
ham,    krsn bekrb gize  neber
spam,  alewot   mezagebtoch  mstirawi  stota   akrbotn 
ham,ene  gen  ena goterawochn ena    selamawi balchawetalehu gen ene mnm chger   bota alegn
spam,   megelechawo le            gizew  
spam,  perofeshnoch letetekami  perofeshnoch letetekami  perofeshnoch   ena    
spam, mn   mesmer  gar  netsa  melektoch ena    lemawek    
ham, new  mnm chger 
ham,ene ketefabkubet gize 
ham,ush  ken befit  blew makenebabete ena   efelgalehu
ham, ken wste keraswo gar  gize keeraswo gar    bezih alem wste mrte           
spam,erswo         genzeb        
ham,bekartor wste  neger  
spam, brhan    samnt wste  hager wste         
spam,erswo   misterawi  alwachaw  ke  wch  man 
spam,erswo   misterawi  alwachaw  man   rst  man  ke  
spam,astawash    ech ti ti    lemesebseb
ham, ereft esetewotalehu betam tekit gize wel hul gize  erswo  seat  erswo  ereft    sew  gen  ekule lelit gen  film ke    bet memtat   mnm neger kehone  sltenan  
ham,mashet mestet    etekemalehu     
ham,erat   alebn
ham,  le   wste      flash antsafi
ham,gibis  husen
ham,ene mawrat  gen 
ham, betam achr       betam 
ham,erswo  chekagnoch
ham,mist   gizen betkkl tawkewalech
ham,lelt lemn 
ham,ene talak lelt  ene mn  
ham, erswo
ham,  sra beztobgnal gen betam aselchi  ene betam aselchi    mn kelem   enen 
ham, negen    enam slehonem besost ena be   lemaches memoker    
ham, betam teru    hulu  amesgagn   malet zare ke    lemehon    
ham,melkam samnt  tesfa  memermer
ham,ene  bezih amet tekit negerochn   wekilochen tesfa  hulu be  wste  benisik mukera 
ham,hamus  ergetegna    enseralen
spam,netsa  teri  lemesebseb   lematarat    kal  ena    saten     
ham,mnalbatm chnket lihon   new enam ene kesra hulet asgerami    alugn hulet ena kesost wer befit 
ham,mastemar    
ham,slkwo batriwo kemote new    
ham,bezih awtobus    mashtet ena   
ham,hulachnm ezih   ena   betam metefow  
ham,  sleneberew sle chels mn  
spam,hulum     netsanetoch ena smetawoch   chewatawochn kemashkormem gar         
ham,ene    bemnanegagerbet gize hulu germa moges
ham,nech   wste  wste nachaw
spam,    change ahun rkash   ke    rkash eske      lemakom    
ham,fkre   lemn  gize   kal alegn enam enesun   neber neger gen azna 
ham,aznalehu 
ham, smet   samntawi neger hulu mnm tafach negerochn albelahum zare lasalefat ak   hulu   ahun  
ham,eshi low gen betam  blo   sbseba 
ham,  teriwon  
ham,manm sew lela sew bigeba  magegnet kechaln karlos  echl neber
ham,beergete zare  lilklwo    
ham,sewoch    enesu  nachaw  enesu   bim tafach  sus  sus  
spam,genzeb   ashenafi   tsehufwo genzebwon ke           temen saten  
spam, matiwo ebakwon ke         ken            
spam, mesmer   maberetacha      ken     tebakiwoch mesebseb          
spam, bemitebku sewoch megenagnet  wste lemegebat smwon ena  bcha   pi   
spam,       
spam,askign tarikoch ena  erswon  nachaw
spam, lemanegager  new egna zare   shlmat wastna  mesmer     bcha
spam,ebakwon  agelgelot tewekarachn be      tere genzeb    shlmat 
spam,pastanik ena bluto    kontrat  motorola netsa ena etef chersn     
spam,le  gna samnt     ke  
spam,esti   mstirawinet     lemawek   n kesr kalew  flega
spam,   sew   lemawek     
spam,      ena  lemsale  lemesatef ena   eske 
spam, kenat    lehulum  gize zenawoch ena wtetochn  mzgeba mzgeba lak     
spam,ister opereshn   abeba eraswan    i             ahun     knash    genzeb wiket   
spam,beakebabiwo wste   kenat alun  beakebabiwo wste  bzu   ahun   bcha  mlash  bcha
spam, sew  sew   agelgelotachnn   megemet   ahunm hulum    
spam, lemanegager  new egna zare   shlmat wastna  mesmer    n  bcha
spam,   eksket  erswon lemanegager   mukera    
spam,   kamera   kebahr    kenat wste    amet    pi  
spam, slk kuterwo be   shlmat  teri  kemeret mesmer gar        bcha
spam, temezgebo ur ur       bistem       n  gerik  meche   mels mestet
spam,le  tetekami asfelagi    ken   be   mn  
spam,   waga   
spam, metenanat aselchi  em tistar   ena  chatwon kelelewot     n        
spam,besamnt   bcha   n   slk   slk bemangnawm gize 
spam,betenkesakash  tenatachn tnant   tsehufochn magegnet      tsehufochn        
spam,   betere genzeb keri hisab beahunu gize   
spam, bzu netsa  ke  gar     
spam,alawkewm ena  kewch   lak ena ers beers                amet   
spam, ashenafi beesemes    mels    agelgelotoch 
spam, wochu   bzu  wste        eske    
spam,  wancha   n lemashenef netsa gebet be     wste netsa          wochu
spam,beozik wste be  self wste mn    gar   zenge     teklochn         
spam, netsa  gengnunet   ta gengnunet  htsan        zmenan   techemari      
spam,   melekt   
spam,   akrbot   ena    samntawi samntawi    samntawi    samntawi   muzikan        
spam, sim  gursha lemekebel  betwo   eshin lemagegnet ke      
spam,   melekt   
spam,kuter   ton       gna kana   n  ena le      mels  
spam,erswo ashenafi newot  be   tere genzeb     ken   leketeta opereter    
spam,besmwo ena  mels  ena  samntat netsa mamechachat  alem akef akababiwoch be  kesamntat  netsa mamechachat    
spam,netsa gebet    samntawi kompas beka            
spam,  sewoch  ena      pi    lemakom    
spam,ahun  slk magegnet   mawaker echl 
spam, mereb  netsa     gubgnt  gubgnt
spam,le      logowoch  muzigewoch amakagnnet be   werk werk kbeb      bcha  
spam, anbesoch engeliz  anbesa  mono     techemari        gibapi awtaremereb opereter temenoch 
spam,   n  ena  poster    teketel    mels     beanbabiwoch mekakel   
spam, ahun ahunm      wochu wste   n zemenawi  mels   mels le   melkam 
spam, tsota    
spam,  k  toch ahun  be   pota saten     
spam, ena  pet ena   hulum  gebre   kefoto skel teri     akum tsehufoch 
spam,ke                  mets
spam, gizewochu  ena hulet gize    wagaw  gize     gize knashoch     
spam,kuter   ton       gna kana   n  ena le      mels  
spam, le  tetekami asfelagi    ken  chek be   mn  
spam,   eksket  erswon lemanegager   mukera               
spam,  alewot        ena netsa  ken     muzikan       
spam,    huneta gen    
spam,netsa  gna samnt gebet        giba               
spam,  amarach  mzgebawoch      le  bebibisi gebetawoch wste 
spam,girawoch bemecheresha   akababi ketsota netelawoch gar chat   ahun kremtun    
spam,kler  woritin gize ena ahun ene  ke   honsh           
spam,  teri  geza ena ahun tsehufochn magegnet ke    tok  
spam,  slkwo  be       shlmat  erswon lemagegnet   gna mukera   
spam,erswo     giba   machawecha    shlmat wastna       amerika     
spam, beken mulu bemulu behotel wste lebchaw behotel wste lebchaw       teriwoch    
spam,  ke  netsa  melektoch gar    le            
spam,    keftegna  gen erswo     atawku   kenat   chlotawoch   sechiwoch    
spam,  k  toch ahun  be   pota saten        teri new
spam,sle mrchaw    karaok kekewakbt gar abrew  agenagn ahun bemezfen mels mels 
spam,    muzika agelgelot beahunu gize   machawecha beachr gize  artistoch  lemases slkwo  bcha 
spam, slkwo be       shlmat  erswon lemanegager    gna mukerachn   saten   bheretu
spam,  n   netsa chereta      ahun            
spam,tena    wer netsa  zena ena  ena  netsa tsehufoch ena      foto  mels   
spam,        
spam, chereta     zare  chereta  netsa  new   ena           
spam,   megelechawochwo le         lalt     gizew  
spam,     ar         olompik meche   eske 
spam, slk kuterwo be    wastna  mesmer     tkklegna  bcha
spam, ngus      egeza   teri  be       msganawoch mehon 
spam,erswo   misterawi  alwachaw  ke   gar  man   n 
ham, negerochn    
spam, netsa     eshi ena hisabwon enasenalen
spam,ke  keftegna  hoteloch wste  temertewal   ken         swi 
spam,  ton  ke   eske         
spam,  awtare mereboch  leesemes   slehonem suk bemishetut neger wastna mestet  le   
spam,    lk     tesfa                       
spam,       n 
spam,  teri          tenkesakash   
spam, ke  gna  ken aznagn       ahun   neteb   teri
spam, lemanegager  new egna zare   shlmat wastna  mesmer   n    bcha
spam,werhawi  kal le     slkwon  
ham,bltoch  metegnat temeles
spam,bezarew gize ke   arat  gar    kuteroch   shlmat    kuter    shlmatwon  ebakwon  
spam,netsa  teri    teri    gna samnt benetsa   lesamnt le 
ham, hun  
ham,    
spam, brhan    hager wste  hager  kaweku keftegna    machawechan        
spam,netsa  ke  ke   agelgelot beki  sleleleh   lemekebel ebakwo 
spam,   chat  waltaki    ena beketeta   chat   tlku   
spam,     gubgnt  tiketoch ena  ke  kbeb  kbeb        
spam,    teri new  be  shlmatochachnn      temertewal ke  befit  temertewal  shlmatwo lelela sew 
spam,    teri  ena  shrshr   bcha  leketeta opereter   n  
spam, sew   teketatero bemekelakel sletekenarachhu slkwon asgebto  kebahr  man  lemawek  
spam,          ke   
ham,   new     metsehafn  sltetoch huletegna etm maletm be   eshetalehu 
spam, chereta    netsa chereta      ahun            
spam,netsa slk kuter    
spam, werariwochn     awekaker  ashenefe  chewata      smoch  wloch  knbroch  
ham, bealem wste  negeroch  erswo  gna   gna us
spam, alama       balebetoch                
spam,tlk   le   genzeb              
spam,mashenef ashenafi  ti foli     shlmatoch  slehonem  betenkesakash slk    
spam,  kuteroch     knash lemekebel   kalebwo ebakwon  teks  kuter   meten   
spam,betam  seloch beketeta  slkwo   tsehuf seloch   ahun leerswo erteb ena   wechiwoch  pi     
spam,  wechiw kfl  wste    kfloch   riport lememezgeb      saten   
spam,netsa   motorola ke     netsa   ena    netsa         
spam,   gna gize new      shlmat    kelal     wste  pi  
spam,   tere genzeb    shlmat     shlmat agegntewal
spam,  selochn    wste betam  nachaw malet 
spam, gursha    ewnetegna   mashenef  mels  kelal      techemari  
spam,erswo   misterawi  alwachaw  ke  wch  gengnunet  lalt man 
spam,    ekskeks  erswon lemanegager   mukera               
spam, kemeret mesmer         ken     tebekinet mesebseb       
spam,ke   ena betam bzu gelawi chatwon  ahun  gelawinetwon   
spam,  keenezih   sel ansowoch   lezih seloch  besra         
spam, n lemashenef  be  samntawi kompeleks wste netsa     lemegebat          lemagegnet
spam,      akababi wste   sewoch  kuter  netsa  netsa  bcha flega      sm       
spam,ke      shlmatn     hulunm     zrzroch  
spam,netsa  gna samnt gebet        giba               
spam,bzu sewoch ahun beakebabiwo wste wsha   ena  aemrowoch     raswon  msht wste     
ham,    gebi  neteb bekflu wste beewnetu znboch  asebku ena   sew memtat  neberu
spam,teru    kosta    ken      n ahun      wechi     
spam,esti   mstirawinet     lemawek    teri stugn ke  ke      
spam,esu eske    netsa  melektochwo eske tahsas  ken   lk 
spam,be      wer          
spam,besamnt   lemashenef mels    alem wancha    lemakom   akum
spam, kemeret mesmer         ken           sechi saten   
spam,netsa   ch    mzgeba lemewtat tsehuf ke  gar   betones  
spam,       leabalatachn netsa lemagegnet  muk   mrcha   ena tek  ena tek       agenagn 
spam,talak  lemagegnet   tere genzeb    stotan     opereter ahun 
spam,ahun     n ke  
spam, amet gemash waga brtukanama mesmer  ena  gize kamera slkoch    lemazemen ke    tenkesakash slk  
spam, mini minin lemetekem     pi       beka       sera    
ham,oh     be   wste  panego  
ham, betam  gen  alebgn  lapetopen magegnet alebgn 
ham, betam  gen  alebgn  lapetopen magegnet alebgn 
ham, ene  
ham, tewat  sinesu   
ham,  ke  wste agegnehu 
ham,ush chukhet lehewan egebalehu
ham,telawn  sil   
ham, kurach ena  
ham,      al halok 
ham,nege mnm sltena 
spam, slkwo  be       shlmat  erswon lemagegnet   gna mukera     pipiem
ham,lehulum       ene be    wste  fiten  fegegeta  u ar mokat      ene     ene   ene sle ene kenategna   kelem  kelem nafkeshgnal
ham,    senterezh siti    
ham, talalak 
ham,  etse telalafi  
ham,  negerochn lemamen   neger keene befit kemaletwo befit hulet gize  
spam,  ton  ke   eske         
spam,  net netelawoch erswon   betsotawo wste  tsota      be   teketlo 
ham,melkam msht    ena  tenkake 
ham,  zefen new
spam,    esemes melektoch  ahun ke     bosh   n   
ham,  loge beewnetu beftenet beftenet enketelalen       haha 
ham, memtat 
ham,     
ham, ha  gonoch  esun   n   gen      hono 
spam,   teri  ewnetegna mels
ham, ekule ken  echlalehu
ham,   mnm mekfecha 
ham,ene  kegonwo 
ham, negn 
ham,   lelt   ena alemegebabatochwon bealga   
ham, semister emegnalehu
ham, kekalat   ken 
ham, nefasn  
ham,    new  
spam,engeliz beteru huneta    teri     befitu    kana   eske   mewcha    
ham,  ena  hulu lisetewo  beraswo  leraswo beteshale mesrat   keene  genzeb  magegnet   magegnet    mekfel      memulat  techenkealehu ena    bet    ene 
ham,    hulet   wste 
ham,   genzeb  ena  etsefalehu
ham,  keerswo mesmat teru  zare betam   chgeroch slagatemugn gen  amesegenalehu
spam,    waga     awo  abal tenkesakash sm       nus atebabek
spam,   megelechawo le     netebochn      gizew 
ham,mnalbatm  lemansat 
ham, 
ham,bealem wste betam   newot  
ham,mnm   kfl  anketse   msgana  nege meche meche  mangnawm 
spam,            kekoshasha   techemari      egna
ham,ohwawa teru teru teru teru   
ham,ene   gen  tiketochn magegnet  
ham,oriri lole 
ham,fetenawn lemasmesel    lemefetesh bcha betam   
ham,  bemimelesubet gize bemangnawm gize betebk metawgn  kalhone  gar mazor alebgn enam hul gizem  ena   mastawek alebet
ham,ene     
ham,  ene negn 
ham,emmm  ena  egerochen   bet kegebu  erat  ena leene kenoche   newot     
spam, tsota    
ham,lara erswo bibezagn ena    
ham,egna mnm rucha  akrbotoch 
ham, esu betam blh new gen bealtegnochu bzu sewoch    gen     ahunm  ahunm  
spam,erswo ashenafi newot   tere genzeb    shlmat lemekebel     opereter   pi
ham,  megnta  ekule lelit  emelesalehu
spam, brhan   ereftwo beamerika        
ham,ene tnant mata  salehu ene kene   pelen  
ham, gize  
ham,betam bzu temelashoch temelashoch temegnu    ken  
spam,ahun kalatun ke  testers       ke 
ham,ahunm beenante     tesfa 
ham,arar  ge abwarama  lemangnawm neger  mrmr  bchagnaw neger egna  ena sterlinge   new
ham,be   wste    kal   
ham,wtetu meche  
spam, 
ham,besbet   ewnet  betenkake   sew bewstu  lbachn
ham, ahun   beewnetu metefo smet  ene   neger 
ham,mnm     agegntewal
ham, moges   ken mgnotochn    ken shegiwochwa new
ham, negn akste 
ham, ezih  hulum     neger 
ham,   tenatm ene 
ham,  keseltu       hulum sle kal  kal   ena mela flega 
spam,       mars   lemagegnet     enkbkabe teri 
ham,zare agote     meswat  atebko      tesfawochn   geltse negeroch kelal   ebakwon negerochn     betam   slehonem panoch    beerswo bekul mnm kal 
ham,  betekit kenat wste srawn  teru akm ena teseteowoch
ham,karlos  gize  neber    wste 
ham, tekenawnwal   awo
ham, lemn  hostel 
ham,ke ahunm 
ham,gen ene  zare  metateb  
ham,kemtbelut  
ham,frgerge morfin  wste 
ham,ebakwon mesfertochun 
ham,kechger  wch kechger wch 
spam,   bufe  sewochn lemarkat  smet keskash   si   egeza    lemakom lak
spam, brhan   ereftwo beamerika        
ham,slezih lapetopewon mesebseb 
ham,  ke  eske   akababin     kezih befit         beshbo  genzeb lalematat 
ham,  bet egebalehu
ham,  eshi bemiketelew 
ham,  kezafu  new
ham,ene beergete memtat alresahum  ene hul gize keerswo gar 
ham, ke      
ham,  
ham,oh egeziabher ke  kenat  melektwon   negn
ham,mn  snt 
ham,  new  bewels wste  korebtawoch ena shut  gen ene ahunm apel erasen 
ham, sew asazagn tarik  balefew samnt       sra      kabine stageba panete             apartamawa      megnta betu  megnta betu kegebahu   eshi  ene bewesibawi smet wste   n bemelekek  twetalech  na       chukhetoch  asgerami  sofa      
ham,behakegnnet   alebgn   lebank  sewoch  tenkara 
spam,le  gna samnt   ton          
ham,    gen  sra  wer wste   shakawoch shakara  lemagn 
ham,mels     kuterun 
ham,   n lemetsaf        getsun    n       beergata    sabi 
ham,  im       neber enam ahun  lela shofer  tlk ters  betam  
ham,hulum sew  ftenetu ftenet  
ham,ene  bet erat 
ham,  
ham,awo awo teru   aemro 
ham, weroch wste hulum  
spam,erswo         genzeb        
ham,urigon ura    urgor chukhet  ebakhn ahununu  ketema 
ham, gar mn  
ham, gen almokerem ena bechrash  bechrash altechawetem
ham, teru ken  mecheresha  
ham, neger asebku
ham,sra bota  ebakwon 
ham,lemechoh  ena chukhet  
ham,oh  sra   
ham, bet msht   mewtat   kfl erswo   kfl   rebue  sihon arb  mrmeraw  tefetsh
ham,ena bk bk ena     mnm egeza 
ham, ken    new  nesh   aznalehu enam sleenante  fkren   kebahru  mesam 
ham,
ham,  ahun  ahun tkkl 
ham, ketema genfo  klawrik   chnklatu behonoch  bk   kafe  tok    tekit  
ham,tekit sewochn awkalehu ena ene  awontawi sewoch efetawalehu
ham,behuletu mekakel    melekt kanebebk  fegege malet 
ham,slezih ene   neger   neger ale  mn 
ham,   egemt 
spam,ke  meskel  gar ke   wer gar ke   wer gar ke   wer gar ke   bewer    tekl tekl knashochm      teri 
Category,
ham, betam  gen  alebgn  lapetopen magegnet alebgn 
ham, ene  
ham, tewat  sinesu   
ham,  ke  wste agegnehu 
ham,ush chukhet lehewan egebalehu
ham,ush chukhet lehewan egebalehu
spam, slkwo  be       shlmat  erswon lemagegnet   gna mukera     pipiem
spam,  ton  ke   eske         
spam,  net netelawoch erswon   betsotawo wste  tsota      be   teketlo 
ham,  zefen new
spam,    esemes melektoch  ahun ke     bosh   n   
ham,  loge beewnetu beftenet beftenet enketelalen       haha 
spam,   teri  ewnetegna mels
ham, nefasn  
ham,    new  
spam,engeliz beteru huneta    teri     befitu    kana   eske   mewcha    
ham,  ena  hulu lisetewo  beraswo  leraswo beteshale mesrat   keene  genzeb  magegnet   magegnet    mekfel      memulat  techenkealehu ena    bet    ene 
spam,    waga     awo  abal tenkesakash sm       nus atebabek
spam,   megelechawo le     netebochn      gizew 
spam,            kekoshasha   techemari      egna
ham,ohwawa teru teru teru teru   
ham,emmm  ena  egerochen   bet kegebu  erat  ena leene kenoche   newot     
spam, tsota    
spam,erswo ashenafi newot   tere genzeb    shlmat lemekebel     opereter   pi
ham,  megnta  ekule lelit  emelesalehu
spam, brhan   ereftwo beamerika        
spam,ahun kalatun ke  testers       ke 
ham,ahunm beenante     tesfa 
spam, 
ham, negn akste 
ham,  keseltu       hulum sle kal  kal   ena mela flega 
spam,       mars   lemagegnet     enkbkabe teri 
spam,   bufe  sewochn lemarkat  smet keskash   si   egeza    lemakom lak
spam, brhan   ereftwo beamerika        
ham,behakegnnet   alebgn   lebank  sewoch  tenkara 
spam,le  gna samnt   ton          
ham,awo awo teru   aemro 
ham, weroch wste hulum  
spam,erswo         genzeb        
spam,ke  meskel  gar ke   wer gar ke   wer gar ke   wer gar ke   bewer    tekl tekl knashochm      teri 
ham, egeroche ena angete  new enam amigios lelitun  bemekatel lk   seat mawezawez echl 
spam, slkwo  be       shlmat  erswon lemagegnet   gna mukera     pipiem
ham,bzuwn gize sewnet meshashal alemehonun  ebakwon  ngeger bektel 
spam,    kosta    ken      n ahun       wechi     
ham,emmm  lelit msht
ham,enante  shurab lezih neger  alneberum
spam,  tere genzeb    shlmat wastna   shlmat    agelgelot  be  ke   eske  seat 
spam,sle   teri  teketelwo   kuter    ks     ebakwon  agelgelotoch be  
spam,  bibeks eks       blh honew    tekm  
spam,temeles  sra  seat  seat gemash gizeene     flagot bi  etef  ahun       
ham,libelash 
spam,sle   terinetwo   kuter    ks     ebakwon  agelgelotoch be  
spam,   ke  wochu   ke  pi  gar   mzgeba   alewot  temelsew  ena 
ham,esun  enam mann alekeskew  linager 
ham,esu sle       
spam,ke  tnsh gize    mesmer                 gna lak
spam,  netsa  gebet    samntawi kompot         
ham,chers  
spam, ke    ton egeza
spam,tenkesakash  semawochwo   orikantoch  gize   ena   mecheresha  slk zmenawoch      
ham,    ul   fkr ani 
spam,  melekt   
ham,  teru gize  tesfa  meche new ena meche bet wste teri lisetugn  
spam,  testelalefe     saten     melektoch    ena  lemamtat ebakwon be  
spam,    amet  sinima pasport le       rman  matrik  star tor  wezete hulum   
spam,   akrbot   ena    samntawi samntawi    samntawi    samntawi   muzikan        
spam,    man  kaweku     keftegna  shlmat shlmat  smun    sm     kest
ham,ene      ena  ena  zrzroch  
spam,  n   netsa chereta      ahun            
spam,   amesegenalehu     shlmatochn    kelal  ahun    pi  
spam,  techemari      netsa chewatawoch  ketalak shlmatoch 
spam, slk kuterwo     shlmat be   erswon lemagegnet   gna mukera      
spam,bebrtukanama  be  wagaw mesmer  be  wagaw mesmer    ena  n 
spam, mnm   bzu  teriwochn      amet   melak        
ham,teru   at 
spam,ebakwon erswon   melekt   ebakwon  
spam,kehalowin ena  melekt gar  sbsb ena       be   
spam,k  t eger     nku     ena       ken  slehonem ahun  mechawocha  
spam,     ahun ke    pensies  politi      samntoch  samntawi   besamnt  samntawi   pi 
spam,  shlmategnan lemanegager  new egna zare    shlmat  mehonun  mesmer     bcha
spam, wste  bchagna awakiwoch bchagna bota ahun  wste      
spam, sew   agelgelotachnn  ena slkwon    mesmer     n lemawek
spam,  tenegna set   metefo ena  neger alegn   wesibawi bktesh wste  metefo  new     
spam,alawkewm ena  kewch   lak ena ers beers                amet   
spam,lemakakasha  msganawochwo  agelgelotoch     
spam, ken  wste ke    mashenef ena agarwon  zemenachaw guzo        
spam,man    mehon efelgalehu 
spam,le urt    genzeb  eske             
spam,    waga     awo  abal tenkesakash sm       nus atebabek
spam, arma sel melekt ena netsa   sel melekt ena netsa 
spam, mesmer             asebaseb           laki
spam, waga  awtare mereb  erswo   shlmat lemekebel  lemesebseb    le  seatat  
spam,    netsa  kamera  cheretachnn             
spam,netsa gebet    samntawi kmcht  kalun ahun   ashenafi     
spam,tsehuf   techemari  teri  armawoch ena chewatawoch ke  
spam, netsa anestegna  kamera  beka shlmatwon lemesebseb  mlash  makom       
spam, melekt be   wste  erswo  ena ke gar altegenagnem
spam,konsert      ar    chat chat             
spam, asgerami       lemagegnet   le  kenat tsehuf le  kenat tsehuf   
spam,    beengeliz wste    agelgelot ke   gar  egeza 
spam, netsa taro  fkrwo  ahun  benetsa      bcha       
spam, kemis kemis ena   ta gengnunet lifeter  bcha  ena  eske  
spam, brhan    samnt wste  hager wste         
spam,    lemegebat   lemegebat                  ke   samnt
ham, ntsuh aznagn  
ham,  chlota  slelaku amesegenalehu 
ham, kenwo bekesta  tesfa   ene slemalchl beewnet tesfa  wer wste meftat   hisaboch  techemari genzeb wch  leerswo fetagn gize   gen maweku 
ham,         
ham,   labratoche  gen manm 
ham,ahun slkun memrete  melekt 
ham, pipe          le  mshtoch   betam teru akababi chukhet 
spam,  testelalefe     saten       lemamtat ena    lemagegnet ebakwon beslk kuter  
ham, 
ham, betam metefo   bet teru new gen beewnetu beewnetu    ken    mnm neger 
ham,eshi 
ham,erat  bet 
ham,        
spam,netsa  kelebet mnale  eske           
ham, sle memulatu 
ham,ene abzagnaw    zrzroch egoteche   gen  betam techenke alchenekm
ham,haha  mn 
ham,  betam  erasen le   sletakebr  teru  be   samntat wste   amet 
ham, 
spam, slkwo  be       shlmat  erswon lemagegnet   gna mukera     pipiem
ham,  
ham,ene mesmat   new     
ham,aznalehu   betam betam  ene ke  gar 
ham,betentawi ena bekoki mekakel eske  
ham,bealga   egeziabhern 
ham, kanser   mrmera  papi mrmera
ham,be     wste negn
ham,lemn enen manegager tfelgalech
ham, zare   
spam, gize    giba   machawecha    shlmat wastna        
ham,memoker  litefu 
ham,  tenegagerew  begemtaw rektew bihonu mawek  awontawi  ke  netsa mels 
ham,    
ham,  
ham,   amerika   wste teru gize  tsehafi  hulum neger bereket new
ham,esu  melekt new  talim  
ham, ebakhn           mehal 
ham,mnalbat kechalu     ena zm kaluwot    ena  genzeb  wste bzum emnet 
ham, welel  mrkowon menkebakebu 
ham,siwetu   slkoch 
ham,  
ham,   bzu gizewochn sle  tesebsbe 
ham,ashangulit new
ham,betam   merote 
ham,    memoker  
ham,tok ena     
ham,gena chikiku   
ham,eshi 
ham,eskezare  msa meblat 
ham,abate meche  
spam,tena   zare      lemn  ena mn  lemn  tsota 
spam, le  gna samnt        
ham,esu ke   sewoch mekakel new
ham,  uar  wste
ham, melkam ken  wsbsb  ene  ene    bet  ena ahun teru smet  aselchi negn  new  lemastawes 
ham,lemn    
spam, mehon   botawoch  akababiwoch   tlku  awtaremereb  park eske     
spam,lemanegager mokern  lemakreb mokern     ena  mels lemestet  lemelak ke  
ham,    biro  rebue rebue     bank 
ham, teru  ene  ene ena    
ham,lele    
ham,     zare mn  tesfa      
ham,ene  chama  egna teru temret 
ham,tammealehu  negn   toch     egeroch   newot  toch     egere   efelgalehu  efelgalehu 
ham, kesemenhahampeten   bebabur  negn slezih 
ham, wste     kebchawo gar abrew 
ham,bechewataw  beroch chewata ena    beslk wste
spam,bezih samnt    ch      hulum  
ham,   sew besomgegegegegegegegegegegegegege      mistu lepolis  polis hulunm sew      gize tegnche   mgeb    atkltochn      posta bet     chewata      nefse       kehonew   mels 
ham,ene  bet    negn 
ham,kemeret mesmer kuter  teri  ana nagerar    
ham,    mn  
ham,    botawoch    ato nobe 
spam, lemanegager  new egna zare   shlmat wastna  mesmer    n    bcha
ham, bzu   kenins eriks   teru    
ham,ok
ham,awo   sew aznagn zefenochn awkalehu 
ham,awo           ena ilu mels 
spam,    gizewochun sport zenawoch wor   u  netsa   netsa   netsa    netsa  kana sport  
ham,  be   wste 
spam,   awropa  netsa bererawoch  le   gna sepet  ena        ahun  
ham,enezih hulu teru shemizoch ena bchagnaw neger enesun lmenaw  neger   wste 
ham,   kens mn malet  tewat keene  mnm kal    ene sleenante asbalehu
ham,ena erswo ena ene  gize ahunm mekoteb 
ham, gen ahun  bet    bet  lob    znab bekrbu 
ham,lematefat  neger   metekem 
spam,ke    egeza
ham,oh   mnm  seloch 
ham,februwari         n  ketemelese kemelese          chla  kehone ur   
ham,  mlkt    ersum berasu     ena   ena 
ham, ke merab    neger 
ham,awo    blo 
spam,   mels mestet         agelgelot       eske  
ham,malete mn malet 
ham, ahun ene bcha tselatochn  tewat 
spam,mrte  akrbot  mrte brtukanama tarifoch  hulet   ena hulet gize wektawi     netsa  be        
ham, ene   negn
ham,   suk 
spam,   tesfa  mzgeba lemewtat tsehuf ke  gar   betones  
ham,wen ur  bim wel   menora tennet keftegna  
ham, ahunm     be   kakomn ena keenfalot  gela metateb 
ham, ene     echohachaw foto   
ham,tmhrten lememulat  tach   
ham, negn      rzmet  tllk  tesfa 
ham, nefse   kok  be        ter   bealat hulu   betn chemro tezegetwal 
ham,ok 
spam, kenat    lehulum  gize zenawoch ena wtetochn  mzgeba mzgeba lak     
ham,gezuf   gezu
ham,eshi 
ham,ene teknikawi     
ham,ketesenezerbn  samnt  hono  enam  sil angetachn    
ham,   melkam ken  
ham,nope  ha  
ham, gen    telekowochn 
ham, ene belapetopewo wste mnm filmoch 
ham, mn  
spam, ebakwon ke  kebahr    betere genzeb     karari  ken        
spam, kemeretwo mesmerwo ke   erswo         amet             
ham,    semon 
ham,mime enklf  ene   agegnewalehu
ham,   neger leerswo  kefelegeku   
ham,ben kehone   
ham,bezih a  betewesene   a    
ham,ene mekakelegna  kegn malete 
ham,  
ham, chach ahun  alchalechm
ham,wagawochn lkelwotal ena erswo ena  malet    
ham,erswo betam bzu newot
ham,
spam,alawkewm ena  kewch   lak ena ers beers                amet   
ham,  neger   bcha new gen tseguren  
ham,neger gen beteseboche lemangnawm neger mlash  bekfl wste   bet  bet  neger gen manm alteram ena lemn  hono 
ham,  mlkt  htsan
ham,   sbseba 
ham,   snt getse 
ham,awo ahun 
ham,kuterun  ena nege tewat lemn   lemn  mels 
ham,ahun  
ham,eshi gen gemash 
ham, gar     n 
ham,tkkl  
ham,eshi   sfet 
ham,egna  blen  
ham,melkam  sle fasika mewesen  
ham,   film  new
ham,snt  eske ket     ewetalehu
ham,    beewnetu  aznalehu  ene mangnawnm       
ham,bemekakelachn metefo teri 
ham,sle lelit mnale ergetegna  ekule ken bcha awkalehu
ham,zare    ken   oskrsh  
ham,zare    ken   oskrsh  
ham, bekesta   ena abwaraene  lben    leasr  hzb ena  nege      
ham,   gize   sm bota wste  ena hulet kuteroch  kuter kutere  gize  kuter  pin teru 
ham,ena  neteboch enesun mansat
spam,  setoch ahun blh  bemefelege  ewnetegna     ke   wechi     
ham,waw      
ham,ene  bet  new
spam,   bekeftegna      gna sepetepet fit  ke  gar tllk   betam tlk   betam teru kehonut
ham,chger  anagerhalehu
ham,  
ham,ahunm  bota wste
spam,chelemawn lemiferaw  lelitun bemulu lemekoteb lemifelge wetat  lemehon  tnsh gize 
ham, ton 
ham,be  wste meblatn 
ham, ena  kalwon 
ham,   mawcha kflu  tewat  
spam,       n 
ham, ene  almelesm 
ham,kakomku  gize  beken lk   ken lk  
ham, mnalbatm  teblo  kelelewot  
ham, bezih mebt zare ene     pen memermer alebgn enam  sifelgugn lakgn
ham,lk  behulet kenat wste engenagn ena  
ham,    
ham,awo  
ham, ene chek      ahunm  ena    matakeshawochn 
ham, gela   amet     slkwo wste eskahun   
ham, mn   ne  memtat 
ham,tllk sihonu   sket 
spam,ke  fetan genzeb lemachawet       gna techawach       
ham, bemiketelew samnt     beruki wste   ena  si bekrbu 
ham, hulachhum mata mata kefelegu kefelegek ahunm tnsh 
ham,kezih kampas  wste 
ham,maregagechaw         kffl   bet        gize   ekeflalehu ena nege  etsefalehu
ham,ahun   
ham, ken     ar el   
ham,keasr  teriwochwo ena tsehufochwo befitwo kegebahu  egeziabher
ham,behuletu mekakel    melekt kanebebk  fegege malet   
ham,   teketel mazez 
ham, nefse   kok  be        ter   bealat hulu   betnm chemro zge new 
ham,were  
ham,ena erswo fegege  ena alem  ena alem mn  ena   ena  ena keerswo    gerishs 
spam,   
ham,lili tkusat  ahun  
ham, eskahun   new
ham,
spam,  slk      gize  kamera  lemazemen mebt    letenkesakash mazemegnaw  netsa 
ham,awo  tenkara  erswon  efelgalehu 
ham,oh awo   gize   n bcha  
ham, slezih   
ham,sle  sew teru neger hulu teru   etse 
ham, bekesta   ena abwaraene  lben    leasr  hzb ena  nege      
ham,ergetegna kehonu ergetegna kehonu siwetu asawkegn
ham, eske  seatat   lihonu 
ham,mn     kuterun   
spam,geres ton ton  hulum   kete   
ham, im ruk agegntwal  betam ruk hono  
ham,man  ena  nbret man  ena man  mersat   ena  teru  hul gize   afkari mesam 
spam,interpalfara  nege ekule lelit kemetemzezhawo befit legenawo  abeba  lemazez betam 
ham,oh amlak  tersochun 
spam,betam mok  ena wechi kehonkbet gize   hulum sew leerswo teru mlash lisete   brhan estnfas  
ham,              n  
ham,leene msa megezat     ebelalehu 
spam,  alewot  leteru  msgana       shlmatochn    kelal  beka    pi  
ham,eshi 
ham,oh   wste  chnet   ergetegna  beewnet betam metefo sal agegnto    beewnetu  
ham,mist   gizen betkkl tawkewalech
spam,arma  ur fkregna    smochu belb  fkr sm  sm   lemsale  hewann       mnm   
ham,  sewoch tarik
ham,matiks   bet bemelak  
ham,esu  tkus  
spam,teri  
ham,ahun hmem 
ham,awo       mulu bgur 
ham,
ham, wochu  betwo 
ham,ezih    bota lemagegnet  neber
ham,kelal    fetan metetochn tnsh tlk bota 
ham,htsan        ene  betam azgnalehu   
ham,eshi 
ham,  bota neh  
ham, ngest    melkam ken  
ham,   bicha   fkr   ena     ena    namels     kehone  fkregna 
ham,betekit seatat wste kekfl wch 
ham,zare  meche 
spam,netsa     enkurarit  ahun  tsehuf  leewnetegna tsehuf  eske      ch le    samnt      
ham, sew asazagn tarik  balefew samnt       sra      kabine stageba panete             apartamawa      megnta betu  megnta betu kegebahu   eshi  ene bewesibawi smet wste   n bemelekek  twetalech  na       chukhetoch  asgerami  sofa      
spam,beewnetegna k  t    beahunu gize   be             teri new
ham,eswa   mesmat teru   new    amet 
ham,zare    
ham,mn  keftawo 
ham,bemangnawm   gize  gize  eterateralehu 
ham,haha    mesmat     
ham,enen kemotu mot   bwanbwa shtetoch  mastawesha 
ham,  sew  kechale erswo  kalchalu erswo     manm   kehone   bemecheresham kerala     kechale   manm   kehone beesu   kehone 
ham,zare ene  neger gen netsa ocholole     be    
ham,mrchawoch   santim  lemastekakel bcha satkoz  lemafses bcha   wste  santim  wste  
ham,betatochwo mekakel amlak  lemn  tawkaleh  leerswo  ena  sew  befkr  enezihn kftetoch  
ham,ene megegnete efelgalehu slehonem ene mesam echlalehu ena beategebewo 
ham,bemlashu  bemlashu  
spam,    bekrbu keerswo gar 
ham,eshi ergetegna kehone ergetegna  ergetegna           
ham,ene  neger  ene begeltse  new ene mnalbat ene mnalbat 
ham,esu  ena       temelsew 
ham,smiz  
ham, ezih kegebahu bzu bzu melektochn  enesun  mawek  kenwo 
ham, nege      
ham, nefse   kok  be        ter   bealat hulu   betn chemro tezegetwal 
spam,beewnetegna k  t    ahun   be             teri 
ham,ene beewnetu letewesene gize  gize  gar ketenegagerku bzum  betam  nektwal  lelitu  
ham,eza 
ham,melektwon 
ham,sklet    sil 
ham, alemehonun  gen  benetsanet  chnklatn   mehonachnn      betam bzu    ene erasen   
ham,  kulf ena erswan    
ham, babur  sil tetebko mekemecha wste   alneberum 
spam,     seloch   ur slk   ke   netsa ena  beken      n lemakom
ham, ahunm  
spam,    waga     suk eske          
ham,atami arif  malet   new
ham, harris   akste telal  
ham, sew   neger 
ham, beahunu gize betam teru  bzu suk ena    ketema teru 
ham, ahunm   
ham,mnm techemariwoch   
ham, ekebakebalehu
ham, arb beslk teri  amet   megemet 
ham, batri zktegna htsan new
ham,shuken ron geztwal  seatu new 
ham,awo awo tnsh gera  betenesahubet gize nege ewezawesalehu
ham, seat  tenagerk  akababi new     zk 
ham, ekule ken kemenesat ena mn  hone  egebalehu
ham,    tnant besibe wste 
ham, ganesh  suk 
spam,     ena   bebrtukanama tarif  gize   ena  ena blutuz    teri be    
ham,lapetopewon mesebseb  knbrochun  
ham,  menesha kehone  be   wste 
ham,  gize ene bekrb mehon 
ham,  ena  ene betun 
spam,  mizan beahunu gize   new  kezih  genzebn kef   bcha ke         
ham,  leene mnm   bil  kebrtukanama gar  neger gen ahunm   linager 
ham,  new
ham,  teru msht  tesfa  frank  n afkari tsota  ena   sew gange bange efelgalehu
ham,  lelele lela  lelelochu enkuwoch gen kelal neger 
ham,  keenklfu tenesu      zare       
ham,zoro zoro zoro zoro zoro zoro   kenawochn makber    asmatawi  nech lbs   linor 
spam, slk kuterwo be    wastna  mesmer     tkklegna   bcha
ham,enante sewoch kegonwo gar filmochn  
ham, besbsebaw   
ham, besbsebaw   
ham, menger   ahun   esu hulunm ruchawochwon 
ham,keapartamawo befit  apartamawo  apartamawo  asrmor  
spam,  mzgeba mewtat  akrbot tekl     keagelgelot       techemari  
ham,mnm   mnm  tnsh aselchi new       betwo  enklf zare  
ham, mn  gize  mawek 
ham, melkam  
ham,amesegenalehu chikoo   melkam   
ham,sinesu enen sinesu bemekinawo wste  
ham,ke  bin   gize   ena ene  hulu ene  
ham, zare mata  neger  mangnawm 
ham, lilklgn 
ham,zm  tekem  
ham,sewoch   stota    stota 
ham, ken  ken  
ham,  bebetemetsehaft matenat
ham,eshi      
ham,mangnawnm neger 
ham,     bchagna  esenaklegn ena  mehon alfelgem neger gen emebet emebet  
ham,    man 
ham, mukera ena     
ham,  temariwoch    be                                    ngeregn   neger
ham, mann       metete lemegezat  sew lelitun bemulu     sew   nekefa ena ahun
ham, ena   be   
ham, egna leegna  neber
ham,ena     newot   sak 
ham,  tnant      tekemto lela  
ham,   ena  tmhrtn    haha
ham,selam  
spam,  melekt   
ham,  ene  geta agegnehu temariwochu    
ham,  mnm zena  enesu amstegna samnt    setoch ena lewels  
ham,mels  
spam,egna beahunu gize sbsbwon  melekt  lemesebseb  
ham,    limeta ena  esu mn  hone  kehone esu  patbo  enam esu  ena lineges     sew lemagegnet rkash lihon     mashnoch  ahun mn   
ham,    
ham, tawaki 
ham, gen be     sil  sil    
ham,brush bi tach ena   ahun
ham, nesh  snesa ezih thonaleh blewal  
ham, ahun netsa negn  
ham,  man  ngeregn 
spam, be     gursha  shlmat  mukerachn    
ham,mamelket   tastemr asra hulet   hulet tmhrt   
ham, mefetesh  gen    sahnoch bcha nachaw
ham,awo bzu tafachoch neberu
ham,ene ahunm  kalefew msht   neger 
spam,misterawi     man   lemagegnet   be   enkbkabe 
ham, gerishs        
ham,   melekt 
ham,   melekt 
ham,ene  perofeshnal        achr megelecha    achr tarik
ham,  bota   shitminit
ham,abibiten abi abi abi abi abi
spam,  bechrash   keerswo  kerfafa  mangnawm sew   mangnawm sew new ena hulum sew kemangnawm sew  beftenet  
ham, 
ham,teru  
ham, kuter ena        ena  tetekamiw  be         gize       
ham,abzagnawochu    mesel eger  kriket 
ham, chnklatu   ken  enamesegenalen
ham,  zrzr  alebwot
ham,beras    hulum eroganetiks perofeserwoch wel  ena   awropelan wste    enesu betemariwochachaw  awropelanu  n lemegenzeb  ke  awteto felgo   bit 
ham,ke  wste bcha beboliloks wste tim  enam esu betam  esum betam 
ham,melkam  amet 
ham,karlosn etsefalehu ena  
ham,   ntere negeroch  kelal 
ham,   tnsh kek  aznalehu gen 
ham,eshi   bekartor wste 
ham, lore  znab        lela bota 
spam,  gize   ena  ena netsa blutuz    hulet  ena   tenkesakash slk kuter    
ham,mn maleth new malet  ene kurach 
ham, bealem wste  negeroch  erswo  gna   gna us
ham,zare    neber
ham,lemsa msa mn meblat 
ham, simeleket tkklegna chukhet     sew mehon   gen mn   
ham,  gize       ewetalehu ena ekawochen 
spam,besamnt   lemashenef mels  chaka mn   sport  lemakom   akum
ham,ene  negn enam erswon   gen enen       
ham,ahunm mefchet 
spam,kuter  polipekikinge ton          gna kana   n  ena le      mels  
ham,fkr wsane  smet  man   mewesen   betam kelel   gen  asmatawi 
spam,  k  toch ahun  be   pota saten        teri new
ham,  ket  
ham,slezih   woch zrzr  
ham,  sew kemnwetaw  seat   sew kebet wch  kehone  seat   egemtalehu
ham, mulu bemulu  tsehuf  gen    
ham,kezare  lbs  ena   nech   lbs   gemash 
ham, bekompiter wste film  new 
ham, bi  hamus 
ham,  slkwo slk  gen 
ham,kekampas wch bemihonbet gize  bcha new
spam, melekt netsa   ena leteshashale  ena  kbeb     mels  mzgeba      bcha
ham, betam    mn  
ham,begemash seat wste agegnalehu
spam,teri  
ham,keenesu wste  
ham,  wels  
ham,abet  wste mehon   mn   
spam, alama       balebetoch                
spam,     mesmer  
ham,    eneho  mn  fetan   
ham, melkam   mtat man 
ham,awo   tnant mata keerswo gar  new  tolo 
spam,netsa   pol keteta    wesib ke   le  seatat netsa   beken      netsa new
ham,    be  wste  
ham,     gen  behone bota  bota makom 
ham,       betam   amet   ken  ken   melkam shorba   melkam       ena           melkam  ena     tewat keseat  mshtoch  enezih hulu lemefelege  negn   
ham, sew mok   selamta lemelak beki bota bemihonbet gize beanwanwar    mekakel   
ham, melekt huletegna agamash alkebelkum
ham,mn  gize 
ham,keras  belelew hulu betam  
ham,befilm wste negn   
ham, kelebet  
ham,betam betam betam betam metefo   
ham,ene betam  gen genzebwon  htsanwon  ena    noro enen 
ham,mn  kfl 
ham,  keenklfachhu 
ham,bechewataw  
ham,chlota agegntehal gen erswo 
ham, lelit mezgebwo 
ham,     portal   imel  negeroch  ageru   megeletse  lela melekt   
ham,eht  ken kekfl beal   temelso   kuter 
ham, bcha    abate welel magegnet   slk  new 
ham,  mn  
ham,le        
ham, moges    mgnoten    ken 
ham,   linnon 
ham,  mahnenm maten
ham, gen melsochen mamen 
ham,erswon ena betesebwon   ena betesebochwo     ena melkam  amet befit 
ham, ken bebahru    krem   mels lemestet kebero   new
ham,wrhawinet meche  
ham,  nesh  hul gize leene  beeraswo  ene memtat 
ham,hisabwo be     new slehonem metefo 
ham,bemiketelut   wste     abari lihon  gen   kll wch    zm bl ena be  sers wste asawkegn
ham,tena  awo   weteche neber enam tseguren mesrat alebgn slehonem ene    
ham,slezih   
ham, mnm  bzu     metebek  lelela  samntat  siol mn   hun  oh    
ham,  ahun    frhagna alegn 
ham, sle gerum slke    serzn tek  echl 
ham,eshi
ham, mels gar gerum  sew    blo  fegege    
ham,ebakwon  res  
ham, tkklegnawn sm 
ham, ken mn 
spam,ister opereshn   abeba eraswan    i             ahun     knash    genzeb wiket   
ham, 
ham,beka keenklfu   altegnam  ena     
spam,ahun hulunm agelgelotoch   tsota htsanatn  kena  slkwo beketeta  slkwo    
ham, egna  ena           fkregna gorawotiten  ken anestegna stota lemestet  wste mesatef   zrzroch ebakwon   
